{
    "efs_path": "/mnt/efs",
    "db_config": {
        "host": "database-timon.cfqcg4uoy6a8.us-east-1.rds.amazonaws.com",
        "user": "timon",
        "password": "timon123",
        "database": "database_timon"
    },
    "documentdb_config": {
        "host": "docdb-timon.cluster-cfqcg4uoy6a8.us-east-1.docdb.amazonaws.com",
        "name": "timon",
        "password": "timon123",
        "port": "27017"
    },
    "dynamodb_config": {
        "table": "Timon"
    },
    "redis_config": {
        "host": "timon-redis-225aq9.serverless.use1.cache.amazonaws.com:",
        "port": "6379"
    },
    "s3_config": {
        "bucket_name": "s3-timon"
    },
    "api_gateway_config": {
        "api_gateway_url": "https://uxbysg02c1.execute-api.us-east-1.amazonaws.com/prod",
        "api_key": "aMDM1qyzp37DOEmQFxn8c4w6LLc4GeA4425I6C1d"
    }
}